PDB	BLAST	Name	Info	AAs
1EVZ_1	 [('1M66' 1.9) ('1N1E' 1.9) ('1M67' 2.5) ('1EVY' 1.75) ('1N1G' 2.5) ('1EVZ' 2.8) ('1JDJ' 2.2)]	 sp|P90551|GPDA_LEIME Glycerol-3-phosphate dehydrogenase [NAD(+)] glycosomal	 OS=Leishmania mexicana OX=5665 GN=GPD PE=1 SV=1	 MSTKQHSAKDELLYLNKAVVFGSGAFGTALAMVLSKKCREVCVWHMNEEEVRLVNEKRENVLFLKGVQLASNITFTSDVEKAYNGAEIILFVIPTQFLRGFFEKSGGNLIAYAKEKQVPVLVCTKGIERSTLKFPAEIIGEFLPSPLLSVLAGPSFAIEVATGVFTCVSIASADINVARRLQRIMSTGDRSFVCWATTDTVGCEVASAVKNVLAIGSGVANGLGMGLNARAALIMRGLLEIRDLTAALGGDGSAVFGLAGLGDLQLTCSSELSRNFTVGKKLGKGLPIEEIQRTSKAVAEGVATADPLMRLAKQLKVKMPLCHQIYEIVYKKKNPRDALADLLSCGLQDEGLPPLFKRSASTPSKL
3HQQ_1	 [('3IS4' 2.1) ('1PKL' 2.35) ('3HQN' 2.0) ('3HQO' 3.4) ('3QV8' 2.45) ('3HQP' 2.3) ('3QV7' 2.7) ('3HQQ' 5.07) ('3SRK' 2.65) ('3QV6' 2.85)]	 sp|Q27686|KPYK_LEIME Pyruvate kinase	 OS=Leishmania mexicana OX=5665 GN=PYK PE=1 SV=2	 MSQLAHNLTLSIFDPVANYRAARIICTIGPSTQSVEALKGLIQSGMSVARMNFSHGSHEYHQTTINNVRQAAAELGVNIAIALDTKGPEIRTGQFVGGDAVMERGATCYVTTDPAFADKGTKDKFYIDYQNLSKVVRPGNYIYIDDGILILQVQSHEDEQTLECTVTNSHTISDRRGVNLPGCDVDLPAVSAKDRVDLQFGVEQGVDMIFASFIRSAEQVGDVRKALGPKGRDIMIICKIENHQGVQNIDSIIEESDGIMVARGDLGVEIPAEKVVVAQKILISKCNVAGKPVICATQMLESMTYNPRPTRAEVSDVANAVFNGADCVMLSGETAKGKYPNEVVQYMARICLEAQSALNEYVFFNSIKKLQHIPMSADEAVCSSAVNSVYETKAKAMVVLSNTGRSARLVAKYRPNCPIVCVTTRLQTCRQLNITQGVESVFFDADKLGHDEGKEHRVAAGVEFAKSKGYVQTGDYCVVIHADHKVKGYANQTRILLVE
1T10_1	 [('1T10' 2.35)]	 sp|P42861|G6PI_LEIME Glucose-6-phosphate isomerase	 OS=Leishmania mexicana OX=5665 GN=PGI PE=1 SV=1	 MSDYFSKLKEHVVESTEINGCTPSIATATFNAPYEVARKTKMLGVTDSSLLNLPAWKRLQSLYEKYGNDSILSHFEKDHQRFQRYSIEIDLHSDDNFLFLDYSKSHINDEIKDALVALAEERGVRAFAKAMFDGQRVNSTENRAVLHVALRNRSNRPIIVDGKDVMSDVNNVLAQMKDFTERVRSGEWKGQTGKSIYNIVNIGIGGSDLGPVMVTEALKPFSKRDLHCFFVSNVDGTHMAEVLKQVNLEETIFIIASKTFTTQETLTNAMSARNALMSYLKENGISTDGAVAKHFVALSTNTEKVREFGIDTVNMFAFWDWVGGRYSVWSAIGLSVMLSIGYDNFVEFLTGAHVMDNHFASTPTEQNLPMMLALVGIWYNNFFGSETQAVLPYDQYLWRLPAYLQQLDMESNGKGVTKKSGAVAVQTGPIVFGEAGTNGQHAFYQLIHQGTKIIPCDFIGCVQTQNRVGDHHRTLMSNFFAQTEALMVGKNAEEVRQELVKSGMSGDAIENMIPHKTFTGSRPSNSILVNALTPRALGAIIAMYEHKVLVQGAIWGINSYDQWGVELGKVLAKSILPQLKSGNIVSDHDGSTNGLINMFNTRAHL
1P33_1	 [('1P33' 2.86)]	 sp|P42556|PTR1_LEITA Pteridine reductase 1	 OS=Leishmania tarentolae OX=5689 GN=PTR1 PE=1 SV=1	 MTTSPTAPVALVTGAAKRLGSSIAEALHAEGYTVCLHYHRSAADASTLAATLNARRPNSAITVQADLSNVATASFSETDGSVPVTLFSRCSALVDACYMHWGRCDVLVNNASSFYPTPLLRKDAGEGGSSVGDKESLEVAAADLFGSNAIAPYFLIKAFAQRVADTRAEQRGTSYSIVNMVDAMTSQPLLGYTMYTMAKEALEGLTRSAALELASLQIRVNGVSPGLSVLPDDMPFSVQEDYRRKVPLYQRNSSAEEVSDVVIFLCSPKAKYITGTCIKVDGGYSLTRA
1AMK_1	 [('1AMK' 1.83)]	 sp|P48499|TPIS_LEIME Triosephosphate isomerase	 OS=Leishmania mexicana OX=5665 PE=1 SV=1	 MSAKPQPIAAANWKCNGTTASIEKLVQVFNEHTISHDVQCVVAPTFVHIPLVQAKLRNPKYVISAENAIAKSGAFTGEVSMPILKDIGVHWVILGHSERRTYYGETDEIVAQKVSEACKQGFMVIACIGETLQQREANQTAKVVLSQTSAIAAKLTKDAWNQVVLAYEPVWAIGTGKVATPEQAQEVHLLLRKWVSENIGTDVAAKLRILYGGSVNAANAATLYAKPDINGFLVGGASLKPEFRDIIDATR
5OSG_3	 [('5OSG' 2.9)]	 tr|E9AF23|E9AF23_LEIMA 40S ribosomal protein S6	 OS=Leishmania major OX=5664 GN=LMJF_35_2010 PE=3 SV=1	 MKLNIAYPRNGTVKQFEISDEVLRRVQLQDYRLGNEVDGAIFGSEFKGYIFRLRGGSDKDGFPMVPGVLASSRVSLLVKRGAIGFNTFRGYQGERRRKNVRGCVLASDIALVNVTISKVGDQPIEGVTDTTAPRRLGPKRASKIRKLFNLSRTEDVRKYVVRRRVVKSGKKDRLKAPKIQRLITPRVKARRAKKAKDAIAKVRASAAERREYLRLIASNRRALRQRDHSKKHTRKVHAQRAEVAAFQKK
6AZ1_1	 [('6AZ1' 2.7)]	 sp|A4IAU0|RS3A1_LEIIN 40S ribosomal protein S3a-1	 OS=Leishmania infantum OX=5671 GN=LinJ35.0500 PE=3 SV=1	 MALGKNKRISKGGKRSKRGKAQETMARKEWYDVVAPANFEKRQFAKTICNKTQGTRIAADVLRGRVFEANLADLNQSAGEEEAYRKVRFTVQEVQGRNLLTQFHSMEVTTDKMASLLRKWCTTMETTVEVKTADGYTMRLFVVAFTKPQANQQSRNCYAKQRLVKWLRMRITKMIKRRLSKVQIKEAVSLLTRNVLSDALVRRCNPILPLRELRIRKVRVVRTPKFDAQALLSAHGTIPASVEADQREVEEAVEAAPAAEKAAE
6AZ1_2	 [('6AZ1' 2.7)]	 tr|A0A3Q8IWD8|A0A3Q8IWD8_LEIDO 40S ribosomal protein SA	 OS=Leishmania donovani OX=5661 GN=LdCL_360059600 PE=3 SV=1	 MTAVESGSKVLRMKESDAQKLLAMRCHIGTRNQSSAMKKYIYGRTAEGSHIIDLHMMWEKLILAARVIAAVENPKDVCVCSSRLYGTRAIYKFSQHVGTSFHGGRFIPGTFTNQIQKKFVQPRVLVVTDPRTDHQAIREASLVNIPVIALCDTDAPLEYVDIAIPCNNRGIKSIGMMYWLLAREVLRLRGTIVRSVPWEEKVDLFFYRDPNEAAEEKAAAAAAAPAAEAEEGFGWVERNDDNAWEA
6AZ1_4	 [('6AZ1' 2.7)]	 tr|A4HT92|A4HT92_LEIIN Putative 40S ribosomal protein S9 	OS=Leishmania infantum OX=5671 GN=LINJ_07_0760 PE=3 SV=1	 MRNYNNFNRVWKAPRRPFEKERLDREMKLCGQYGLRCKREIWRVNMTLSKMRRTARLLLTLPENHPRRLLEGSAIMRRCHEYGFLDEEKDKLDYVLSLTVPDILERRLQTIVFKAGLAKSVHHARVLIQQRHIAVAKQIVTIPSFIVRVSSERHIAFADASPFGNGRPGRVKRVRAKAAKRHAGGGDDDE
6AZ1_10	 [('6AZ1' 2.7)]	 tr|E9BAV6|E9BAV6_LEIDB 40S ribosomal protein S15A putative	 OS=Leishmania donovani (strain BPK282A1) OX=981087 GN=LDBPK_111180 PE=1 SV=1	 MTMMSVLANALRTIASAERRGKRQVLIRPSSKVVVKFLQVMQKHGYIGEFEIIDDHRAGKIVVNLNGRLNKCGAICPRFDCATTDYEKWMKNILPSRQFGFVVLTTSLGIMDHEEARSRNTGGKVLGFFY
6AZ1_12	 [('6AZ1' 2.7)]	 tr|E9BI96|E9BI96_LEIDB 40S ribosomal protein S16 putative	 OS=Leishmania donovani (strain BPK282A1) OX=981087 GN=LDBPK_260840 PE=1 SV=1	 MPADKSYALKQVQTFGKKKTAIAVATVTKAAQCNIKVNGVPLQQILPDTLRAKIMEAITVVGSKYYSRLRIDVAVHGGGQVSQAYAARQAIAKGLIAFFQKYHNEVEKAALKDKFLAYDKFLLIADPRRCEPKKWGRHSARTRFTKSYR
6AZ1_19	 [('6AZ1' 2.7)]	 tr|A0A3P3ZBF2|A0A3P3ZBF2_LEIBR Ribosomal_protein_S29	 OS=Leishmania braziliensis MHOM/BR/75/M2904 OX=420245 GN=LBRM2904_28.2360 PE=4 SV=1	 MGHLDQWRSRQKIGMGKGARCCVICSNQKALIRKYELNVCRQCFRENAEHIGFTKLR
6AZ1_20	 [('6AZ1' 2.7)]	 tr|E9BPR7|E9BPR7_LEIDB 40S ribosomal protein S13 putative	 OS=Leishmania donovani (strain BPK282A1) OX=981087 GN=LDBPK_333300 PE=1 SV=1	 MVRMHGNGRGKASSALPYRRTPPAWLKIASRNVVKMVCKSSRKGMMPSQIGMELRDSMGIAQVKNVTGRKILRILKHSGLAPEIPEDLYFLVKRATQMRKHLERHTTDRDTKYRLILVESRIHRLARYYKRVKQLPPTWKYESSTASAMVA
6AZ1_21	 [('6AZ1' 2.7)]	 tr|A0A088S8V8|A0A088S8V8_9TRYP Ribosomal protein S17-like protein	 OS=Leishmania panamensis OX=5679 GN=LPMP_205750 PE=3 SV=1	 MSAAPQYYHAHQVDATIQHQKAYQRQTAVNENMHRSSRKHVNKSGHIRYAKKIGLGFKTPAKALNGKYIDRKCPFTSNVVIRGRILRGIVHSTKMHRTIVIRRNYLHFIKKYQRYQKRHKSLAVHCSPAFDPKQGDEVVVGQCRPLSKTIRYNVLEVVSKSAADKMGKKFAKN
6AZ1_26	 [('6AZ1' 2.7)]	 tr|Q4Q1D2|Q4Q1D2_LEIMA 40S ribosomal protein S24	 OS=Leishmania major OX=5664 GN=S24E-2 PE=3 SV=1	 MVFQKKKAEVCIRTSQFKVNKLLNRKQFIVEVNHPHWCGTVPTQLIRKKLATLYKVPDASQVSLFGFKTKFGGGKTTGFGLIYDDLASLKRFEPNYRKTRMGFGKARLPARKSVKERRNRNKKLRGKAKGKQVAKKK
6AZ1_27	 [('6AZ1' 2.7)]	 sp|Q9N9V4|RS25_LEIIN 40S ribosomal protein S25	 OS=Leishmania infantum OX=5671 GN=RPS25 PE=2 SV=1	 MPPKAGQTKKAKMEAANKGAKKTTKKWSKGQSREALQNAVMFDKETYDKLRSEVPKYKLITPSIISDRLKIAVSIAAAGLKQLCREKLIRLVSCSSKTRVYTRIVQAAPAEAAAAAPAAE
6AZ1_28	 [('6AZ1' 2.7)]	 tr|E9BK95|E9BK95_LEIDB 40S ribosomal protein S26	 OS=Leishmania donovani (strain BPK282A1) OX=981087 GN=LDBPK_280570 PE=1 SV=1	 MTTKRRNHGRSKPAHSRGRVKPIHCFNCGRLTPKDKAVGRFVVRRMLDAASARDVAEASPVYGANFPMPKLYMKQRFCIACAIHSRTVRARPVGNRKIRYTRKVPFRPAGKK
6AZ1_29	 [('6AZ1' 2.7)]	 tr|Q4Q140|Q4Q140_LEIMA Putative 40S ribosomal protein S27-1	 OS=Leishmania major OX=5664 GN=LMJF_36_3750 PE=3 SV=1	 MGFFDADLSYPTVRTERMKHKRRRLVQGPNSYFMDVSCPRCRQVTVVYSHATTSVECKGCSKKLCRPTGGKALLVEGCGYRRKPDH
6AZ1_30	 [('6AZ1' 2.7)]	 tr|Q4Q931|Q4Q931_LEIMA Putative 40S ribosomal protein S33	 OS=Leishmania major OX=5664 GN=S33-1 PE=4 SV=1	 MADSKKDNKKTEEVVTQGTDQAQVGLIIKVLGRTGSRGNVTQVRVRLMAEAGSPDYNRTIVRNVKGPCKENDMLSLMETEREARRLR
6AZ1_31	 [('6AZ1' 2.7)]	 tr|E9BLG3|E9BLG3_LEIDB 40S ribosomal protein S30	 OS=Leishmania donovani (strain BPK282A1) OX=981087 GN=LDBPK_300690 PE=1 SV=1	 MGKIHGSLARAGKVKNQTPKVAKQEKPKQPRGRALKRLKYTRRFLSKTVKPGEKVHMNKQPPGKAG
