"Entry ID","PDB ID","Structure Title","Stucture Keywords"
"6TCZ","6TCZ","Leishmania tarentolae proteasome 20S subunit complexed with LXE408","HYDROLASE"
"6TD5","6TD5","Leishmania tarentolae proteasome 20S subunit complexed with LXE408 and bortezomib","HYDROLASE"
"4IX8","4IX8","Crystal structure of Tyrosine aminotransferase from Leishmania infantum","TRANSFERASE"
"4APN","4APN","Structure of TR from Leishmania infantum in complex with a diarylpirrole-based inhibitor","OXIDOREDUCTASE"
"4ADW","4ADW","CRYSTAL STRUCTURE OF LEISHMANIA INFANTUM TRYPANOTHIONE REDUCTASE IN COMPLEX WITH NADPH AND TRYPANOTHIONE","OXIDOREDUCTASE"
"2P1E","2P1E","Crystal structure of the Leishmania infantum glyoxalase II with D-Lactate at the active site","HYDROLASE"
"4P4P","4P4P","Crystal structure of Leishmania infantum polymerase beta: Nick complex","TRANSFERASE/DNA"
"4P4M","4P4M","Crystal structure of Leishmania infantum polymerase beta: Ternary P/T complex","TRANSFERASE/DNA"
"4P4O","4P4O","Crystal structure of Leishmania infantum polymerase beta: Ternary gap complex","TRANSFERASE/DNA"
"2JK6","2JK6","Structure of Trypanothione Reductase from Leishmania infantum","OXIDOREDUCTASE"
"3R2J","3R2J","Crystal Structure of PnC1 from L. infantum in complex with nicotinate","HYDROLASE"
"6ER5","6ER5","X-ray structure of Trypanothione Reductase from Leishmania infantum in complex with 2-(diethylamino)ethyl 4-((3-(4-nitrophenyl)-3-oxopropyl)amino)benzoate","OXIDOREDUCTASE"
"3QW3","3QW3","Structure of Leishmania donovani OMP decarboxylase","TRANSFERASE, LYASE"
"3L4D","3L4D","Crystal structure of sterol 14-alpha demethylase (CYP51) from Leishmania infantum in complex with fluconazole","OXIDOREDUCTASE"
"5EBK","5EBK","Trypanothione reductase in complex with 6-(sec-butoxy)-2-((3-chlorophenyl)thio)pyrimidin-4-amine","OXIDOREDUCTASE"
"4AGS","4AGS","Leishmania TDR1 - a unique trimeric glutathione transferase","TRANSFERASE"
"4TYZ","4TYZ","Crystal structure of the C-terminal domain of an unknown protein from Leishmania infantum","UNKNOWN FUNCTION"
"5OSG","5OSG","Structure of KSRP in context of Leishmania donovani 80S","RIBOSOME"
"2W0H","2W0H","X ray structure of Leishmania infantum Trypanothione reductase in complex with antimony and NADPH","OXIDOREDUCTASE"
"2YAU","2YAU","X-ray structure of the Leishmania infantum tryopanothione reductase in complex with auranofin","OXIDOREDUCTASE"
"2X50","2X50","Crystal structure of Trypanothione reductase from Leishmania infantum in complex with NADPH and silver","OXIDOREDUCTASE"
"6E0F","6E0F","Mitochondrial peroxiredoxin from Leishmania infantum in complex with unfolding client protein after heat stress","CHAPERONE"
"6E0G","6E0G","Mitochondrial peroxiredoxin from Leishmania infantum after heat stress without unfolding client protein","CHAPERONE"
"2P18","2P18","Crystal structure of the Leishmania infantum glyoxalase II","HYDROLASE"
"6FXW","6FXW","Structure of Leishmania infantum type B ribose 5-phosphate isomerase","ISOMERASE"
"6AZ3","6AZ3","Cryo-EM structure of of the large subunit of Leishmania ribosome bound to paromomycin","RIBOSOME/ANTIBIOTIC"
"6AZ1","6AZ1","Cryo-EM structure of the small subunit of Leishmania ribosome bound to paromomycin","RIBOSOME/ANTIBIOTIC"
"2HAQ","2HAQ","Crystal Structure of Cyclophilin A from Leishmania Donovani","ISOMERASE"
"2B9S","2B9S","Crystal Structure of heterodimeric L. donovani topoisomerase I-vanadate-DNA complex","ISOMERASE/DNA"
"3JCS","3JCS","2.8 Angstrom cryo-EM structure of the large ribosomal subunit from the eukaryotic parasite Leishmania","RIBOSOME"
"5T2A","5T2A","CryoEM structure of the Leishmania donovani 80S ribosome at 2.9 Angstrom resolution","RIBOSOME"
"3TBH","3TBH","Crystal structure of O-Acetyl Serine Sulfhydrylase in complex with octapeptide derived from Serine Acetyl Transferase of Leishmania donovani","TRANSFERASE/TRANSFERASE INHIBITOR"
"5CX2","5CX2","Structure of coiled coil domain of Leishmania donovani coronin","STRUCTURAL PROTEIN"
"2KVK","2KVK","Solution structure of ADF/cofilin (LDCOF) from Leishmania donovani","HORMONE"
"1QCD","1QCD","CRYSTAL STRUCTURES OF ADENINE PHOSPHORIBOSYLTRANSFERASE FROM LEISHMANIA DONOVANI","TRANSFERASE"
"2XOX","2XOX","Crystal structure of pteridine reductase (PTR1) from Leishmania donovani","OXIDOREDUCTASE"
"3BT8","3BT8","Crystal Structure of Mutant Cyclophilin (R147A) from Leishmania donovani","ISOMERASE"
"5YOZ","5YOZ","Solution structure of truncated Rab5a from Leishmania donovani","ENDOCYTOSIS"
"3EOV","3EOV","Crystal structure of cyclophilin from Leishmania donovani ligated with cyclosporin A","ISOMERASE/IMMUNOSUPPRESSANT"
"3T4P","3T4P","Crystal structure of O-Acetyl Serine Sulfhydrylase from Leishmania donovani in complex with designed tetrapeptide","TRANSFERASE/TRANSFERASE INHIBITOR"
"1X9G","1X9G","PUTATIVE MAR1 RIBONUCLEASE FROM LEISHMANIA DONOVANI","STRUCTURAL GENOMICS, UNKNOWN FUNCTION"
"6ADO","6ADO","LdCoroCC mutant-I486A","STRUCTURAL PROTEIN"
"6ADZ","6ADZ","LdCoroCC Double mutant- I486A-L493A","STRUCTURAL PROTEIN"
"1QB7","1QB7","CRYSTAL STRUCTURES OF ADENINE PHOSPHORIBOSYLTRANSFERASE FROM LEISHMANIA DONOVANI.","TRANSFERASE"
"1QCC","1QCC","CRYSTAL STRUCTURES OF ADENINE PHOSPHORIBOSYLTRANSFERASE FROM LEISHMANIA DONOVANI","TRANSFERASE"
"3QW4","3QW4","Structure of Leishmania donovani UMP synthase","TRANSFERASE, LYASE"
"3SPX","3SPX","Crystal structure of O-Acetyl Serine Sulfhydrylase from Leishmania donovani","TRANSFERASE"
"5H0T","5H0T","Crystal structure of proliferating cell nuclear antigen from Leishmania donovani at 2.73 Angstrom resolution","DNA BINDING PROTEIN"
"1QB8","1QB8","CRYSTAL STRUCTURES OF ADENINE PHOSPHORIBOSYLTRANSFERASE FROM LEISHMANIA DONOVANI","TRANSFERASE"
"6ICR","6ICR","LdCoroCC mutant- C482A","STRUCTURAL PROTEIN"
"6L2B","6L2B","Crystal structure of cyclophilin mutant I164M from Leishmania donovani at 2.65 angstrom resolution","ISOMERASE"
"6AH6","6AH6","M500V mutant of Coronin coiled coil domain","STRUCTURAL PROTEIN"
"2WUU","2WUU","Structure of N-myristoyltransferase from L. donovani","TRANSFERASE"
"6K8Z","6K8Z","Pyridoxal Kinase from Leishmania donovani in complex with ADP","TRANSFERASE"
"1AMK","1AMK","LEISHMANIA MEXICANA TRIOSE PHOSPHATE ISOMERASE","GLUCONEOGENESIS"
"6K2M","6K2M","Crystal structure of the complex of Proliferating Cell Nuclear Antigen from Leishmania donovani with arginine at 3.19 A resolution.","DNA BINDING PROTEIN"
"5B7O","5B7O","Crystal structure of proliferating cell nuclear antigen from Leishmania donovani at 2.95 Angstrom resolution","DNA BINDING PROTEIN"
"5CFK","5CFK","Crystal structure of Proliferating Cell Nuclear Antigen from Leishmania donovani at 3.2 A resolution","DNA BINDING PROTEIN"
"5HAC","5HAC","Crystal structure of Proliferating Cell Nuclear Antigen from Leishmania donovani at 2.95 A resolution","DNA BINDING PROTEIN"
"6I7N","6I7N","Trypanothione Reductase from Leismania infantum in complex with TRL156","FLAVOPROTEIN"
"2I55","2I55","Complex of glucose-1,6-bisphosphate with phosphomannomutase from Leishmania mexicana","ISOMERASE"
"5LNQ","5LNQ","Crystal structure of SCP2 thiolase from Leishmania mexicana. Complex of the C123A mutant with acetoacetyl-CoA.","TRANSFERASE"
"1PKL","1PKL","THE STRUCTURE OF LEISHMANIA PYRUVATE KINASE","TRANSFERASE"
"1QDS","1QDS","SUPERSTABLE E65Q MUTANT OF LEISHMANIA MEXICANA TRIOSEPHOSPHATE ISOMERASE (TIM)","ISOMERASE"
"1Q50","1Q50","Phosphoglucose isomerase from Leishmania mexicana.","ISOMERASE"
"3E0W","3E0W","Crystal structure of pyruvate kinase from Leishmania mexicana","TRANSFERASE"
"4WB0","4WB0","Crystal structure of the broad specificity aminotransferase from Leishmania mexicana","TRANSFERASE"
"3HQQ","3HQQ","Crystal structure of Leishmania mexicana pyruvate kinase (LmPYK) in complex with Fructose 2,6 bisphosphate","TRANSFERASE"
"2C34","2C34","Leishmania mexicana ICP","INHIBITOR"
"6QAI","6QAI","2-desoxiribosyltransferase from Leishmania mexicana","TRANSFERASE"
"2I54","2I54","Phosphomannomutase from Leishmania mexicana","ISOMERASE"
"1EVY","1EVY","CRYSTAL STRUCTURE OF LEISHMANIA MEXICANA GLYCEROL-3-PHOSPHATE DEHYDROGENASE","OXIDOREDUCTASE"
"3HQO","3HQO","Crystal structures of Leishmania mexicana pyruvate kinase (LmPYK) in complex with ATP and Oxalate","TRANSFERASE"
"6T98","6T98","Trypanothione Reductase from Leishmania infantum in complex with TRL187","FLAVOPROTEIN"
"1A7K","1A7K","GLYCOSOMAL GLYCERALDEHYDE-3-PHOSPHATE DEHYDROGENASE IN A MONOCLINIC CRYSTAL FORM","OXIDOREDUCTASE"
"1EVZ","1EVZ","CRYSTAL STRUCTURE OF LEISHMANIA MEXICANA GLYCEROL-3-PHOSPHATE DEHYDROGENASE IN COMPLEX WITH NAD","OXIDOREDUCTASE"
"3IGY","3IGY","Crystal structures of Leishmania mexicana phosphoglycerate mutase at high cobalt concentrations","ISOMERASE"
"3IGZ","3IGZ","Crystal structures of Leishmania mexicana phosphoglycerate mutase at low cobalt concentration","ISOMERASE"
"1N1E","1N1E","Crystal structure of Leishmania mexicana Glycerol-3-phosphate dehydrogenase complexed with DHAP and NAD","OXIDOREDUCTASE"
"2QAP","2QAP","Fructose-1,6-bisphosphate aldolase from Leishmania mexicana","LYASE"
"2QDH","2QDH","Fructose-1,6-bisphosphate aldolase from Leishmania mexicana in complex with mannitol-1,6-bisphosphate, a competitive inhibitor","LYASE"
"2QDG","2QDG","Fructose-1,6-bisphosphate Schiff base intermediate in FBP aldolase from Leishmania mexicana","LYASE"
"1JDJ","1JDJ","CRYSTAL STRUCTURE OF LEISHMANIA MEXICANA GLYCEROL-3-PHOSPHATE DEHYDROGENASE IN COMPLEX WITH 2-FLUORO-6-CHLOROPURINE","OXIDOREDUCTASE"
"4S1E","4S1E","Crystal structure of cyclophilin mutant L120A from Leishmania donovani at 2.22 angstrom.","ISOMERASE"
"3EJO","3EJO","Coproporphyrinogen III oxidase from Leishmania donovani","OXIDOREDUCTASE"
"1GYP","1GYP","CRYSTAL STRUCTURE OF GLYCOSOMAL GLYCERALDEHYDE-3-PHOSPHATE DEHYDROGENASE FROM LEISHMANIA MEXICANA: IMPLICATIONS FOR STRUCTURE-BASED DRUG DESIGN AND A NEW POSITION FOR THE INORGANIC PHOSPHATE BINDING SITE","OXIDOREDUCTASE (ALDEHYDE(D)-NAD+(A))"
"1I32","1I32","LEISHMANIA MEXICANA GLYCERALDEHYDE-3-PHOSPHATE DEHYDROGENASE IN COMPLEX WITH INHIBITORS","OXIDOREDUCTASE"
"1I33","1I33","LEISHMANIA MEXICANA GLYCERALDEHYDE-3-PHOSPHATE DEHYDROGENASE IN COMPLEX WITH INHIBITORS","OXIDOREDUCTASE"
"1M67","1M67","Crystal Structure of Leishmania mexicana GPDH Complexed with Inhibitor 2-bromo-6-hydroxy-purine","OXIDOREDUCTASE"
"1M66","1M66","Crystal Structure of Leishmania mexicana GPDH Complexed with Inhibitor 2-bromo-6-chloro-purine","OXIDOREDUCTASE"
"1N1G","1N1G","Crystal structure of Leishmania mexicana Glycerol-3-phosphate dehydrogenase with inhibitor BCP","OXIDOREDUCTASE"
"6T95","6T95","Trypanothione Reductase from Leismania infantum in complex with TRL149","FLAVOPROTEIN"
"6T97","6T97","Trypanothione Reductase from Leismania infantum in complex with TRL190","FLAVOPROTEIN"
"1EPX","1EPX","CRYSTAL STRUCTURE ANALYSIS OF ALDOLASE FROM L. MEXICANA","LYASE"
"3QV8","3QV8","Crystal structure of Leishmania mexicana pyruvate kinase(LmPYK)in complex with benzothiazole-2,5-disulfonic acid.","TRANSFERASE/TRANSFERASE INHIBITOR"
"3QV6","3QV6","Crystal structure of Leishmania mexicana pyruvate kinase(LmPYK)in complex with acid blue 80.","TRANSFERASE/TRANSFERASE INHIBITOR"
"3QV7","3QV7","Crystal structure of Leishmania mexicana pyruvate kinase(LmPYK)in complex with ponceau S and acid blue 25.","TRANSFERASE/TRANSFERASE INHIBITOR"
"1IF2","1IF2","X-RAY STRUCTURE OF LEISHMANIA MEXICANA TRIOSEPHOSPHATE ISOMERASE COMPLEXED WITH IPP","ISOMERASE"
"3ZBK","3ZBK","Crystal structure of SCP2 thiolase from Leishmania mexicana: The C123A mutant.","TRANSFERASE"
"3ZBL","3ZBL","Crystal structure of SCP2 thiolase from Leishmania mexicana: The C123S mutant.","TRANSFERASE"
"3ZBN","3ZBN","Crystal structure of SCP2 thiolase from Leishmania mexicana. Complex of the C123A mutant with Coenzyme A.","TRANSFERASE"
"3ZBG","3ZBG","Crystal structure of wild-type SCP2 thiolase from Leishmania mexicana at 1.85 A","TRANSFERASE"
"1GYQ","1GYQ","CRYSTAL STRUCTURE OF GLYCOSOMAL GLYCERALDEHYDE FROM LEISHMANIA MEXICANA IN COMPLEX WITH N6-BENZYL-NAD","OXIDOREDUCTASE"
"1XTD","1XTD","Structural Analysis of Leishmania mexicana eukaryotic initiation factor 5a","TRANSLATION"
"6L6O","6L6O","Crystal structure of stabilized Rab5a GTPase domain from Leishmania donovani","ENDOCYTOSIS"
"6P4E","6P4E","Leishmania mexicana CPB in complex with an aza-nitrile inhibitor","HYDROLASE/HYDROLASE INHIBITOR"
"4ITY","4ITY","Crystal structure of Leishmania mexicana arginase","HYDROLASE"
"4IU0","4IU0","Crystal structure of Leishmania mexicana arginase in complex with inhibitor ABH","HYDROLASE/HYDROLASE INHIBITOR"
"4IU1","4IU1","Crystal structure of Leishmania mexicana arginase in complex with inhibitor nor-NOHA","HYDROLASE/HYDROLASE INHIBITOR"
"4IU4","4IU4","Crystal structure of Leishmania mexicana arginase in complex with inhibitor BEC","HYDROLASE/HYDROLASE INHIBITOR"
"4IU5","4IU5","Crystal structure of Leishmania mexicana arginase in complex with catalytic product L-ornithine","HYDROLASE"
"3E0V","3E0V","Crystal structure of pyruvate kinase from Leishmania mexicana in complex with sulphate ions","TRANSFERASE"
"3KTX","3KTX","Crystal structure of Leishmania mexicana pyruvate kinase (LmPYK)in complex with 1,3,6,8-pyrenetetrasulfonic acid","TRANSFERASE"
"3IS4","3IS4","Crystal structure of Leishmania mexicana pyruvate kinase (LmPYK)in complex with 1,3,6,8-pyrenetetrasulfonic acid","TRANSFERASE"
"3HQN","3HQN","Apo crystal structure of Leishmania mexicana(LmPYK)pyruvate kinase","TRANSFERASE"
"2Y63","2Y63","Crystal structure of Leishmanial E65Q-TIM complexed with Bromohydroxyacetone phosphate","ISOMERASE"
"6J0J","6J0J","Crystal structure of Proliferating Cell Nuclear Antigen from Leishmania donovani with an unexplained density near residues Pro229,Pr0267 and Ala285","DNA BINDING PROTEIN"
"5HJA","5HJA","Crystal structure of Leishmania mexicana arginase in complex with inhibitor ABHDP","HYDROLASE"
"3SRK","3SRK","A new class of suicide inhibitor blocks nucleotide binding to pyruvate kinase","Transferase/Inhibitor"
"4MX2","4MX2","Crystal Structure of adenylosuccinate lyase from Leishmania donovani","LYASE"
"3C61","3C61","Crystal structure of dihydroorotate dehydrogenase from Leishmania donovani","OXIDOREDUCTASE"
"3HQP","3HQP","Crystal structure of Leishmania mexicana pyruvate kinase (LmPYK) in complex with ATP, Oxalate and fructose 2,6 bisphosphate","TRANSFERASE"
"5HJ9","5HJ9","Crystal structure of Leishmania mexicana arginase in complex with inhibitor ABHPE","HYDROLASE"
"6H7B","6H7B","Structure of Leishmania PABP1 (domain J) complexed with a peptide containing the PAM2 motif of eIF4E4.","TRANSLATION"
"5OL0","5OL0","Structure of Leishmania infantum Silent Information Regulator 2 related protein 1 (LiSIR2rp1) in complex with acetylated p53 peptide","HYDROLASE"
"5WB5","5WB5","Leishmania IF4E-1 bound to Leishmania 4E-IP1","TRANSLATION"
"6QDB","6QDB","Leishmania major N-myristoyltransferase in complex with thienopyrimidine inhibitor IMP-0000081","TRANSFERASE"
"6QDA","6QDA","Leishmania major N-myristoyltransferase in complex with quinazoline inhibitor IMP-0000811","TRANSFERASE"
"6QDC","6QDC","Leishmania major N-myristoyltransferase in complex with thienopyrimidine inhibitor IMP-0000101","TRANSFERASE"
"6QDF","6QDF","Leishmania major N-myristoyltransferase in complex with thienopyrimidine inhibitor IMP-0000096","TRANSFERASE"
"6QDE","6QDE","Leishmania major N-myristoyltransferase in complex with thienopyrimidine inhibitor IMP-0000877","TRANSFERASE"
"6QDG","6QDG","Leishmania major N-myristoyltransferase in complex with quinazoline inhibitor IMP-0000169","TRANSFERASE"
"6QD9","6QD9","Leishmania major N-myristoyltransferase in complex with thienopyrimidine inhibitor IMP-0000065","TRANSFERASE"
"6QDD","6QDD","Leishmania major N-myristoyltransferase in complex with thienopyrimidine inhibitor IMP-0000105","TRANSFERASE"
"6QDH","6QDH","Leishmania major N-myristoyltransferase in complex with quinazoline inhibitor IMP-0000906","TRANSFERASE"
"3PP7","3PP7","Crystal structure of Leishmania mexicana pyruvate kinase in complex with the drug suramin, an inhibitor of glycolysis.","TRANSFERASE/TRANSFERASE INHIBITOR"
"3FWT","3FWT","Crystal structure of Leishmania major MIF2","CYTOKINE"
"3FWU","3FWU","Crystal structure of Leishmania major MIF1","CYTOKINE"
"6H7A","6H7A","Structure of Leishmania PABP1 (domain J).","TRANSLATION"
"4GED","4GED","Crystal Structure of the Leishmania Major Peroxidase-Cytochrome C Complex","OXIDOREDUCTASE/ELECTRON TRANSPORT"
"4CYN","4CYN","Leishmania major N-myristoyltransferase in complex with an aminoacylpyrrolidine inhibitor (2b)","TRANSFERASE"
"4CYO","4CYO","Leishmania major N-myristoyltransferase in complex with a hybrid inhibitor (compound 21).","TRANSFERASE"
"4CYP","4CYP","Leishmania major N-myristoyltransferase in complex with a pyrrolidine inhibitor.","TRANSFERASE"
"4CYQ","4CYQ","Leishmania major N-myristoyltransferase in complex with a hybrid inhibitor (compound 45).","TRANSFERASE"
"2X43","2X43","STRUCTURAL BASIS OF MOLECULAR RECOGNITION BY SHERP AT MEMBRANE SURFACES","MEMBRANE PROTEIN"
"1N55","1N55","0.83A resolution structure of the E65Q mutant of Leishmania mexicana triosephosphate isomerase complexed with 2-phosphoglycolate","ISOMERASE"
"1LML","1LML","LEISHMANOLYSIN","LEISHMANOLYSIN"
"3S9F","3S9F","The structure of Tryparedoxin I from Leishmania major","ELECTRON TRANSPORT"
"4AIR","4AIR","Leishmania major cysteine synthase","TRANSFERASE"
"3TUE","3TUE","The structure of tryparedoxin peroxidase I from Leishmania major","OXIDOREDUCTASE"
"2YAY","2YAY","The Crystal Structure of Leishmania major dUTPase in complex with substrate analogue dUpNpp","HYDROLASE"
"2YB0","2YB0","The Crystal Structure of Leishmania major dUTPase in complex deoxyuridine","HYDROLASE"
"2YAZ","2YAZ","The Crystal Structure of Leishmania major dUTPase in complex dUMP","HYDROLASE"
"2CJE","2CJE","THE CRYSTAL STRUCTURE OF A COMPLEX OF Leishmania major DUTPASE WITH SUBSTRATE ANALOGUE DUPNHP","HYDROLASE"
"3HA4","3HA4","Crystal structure of the type one membrane protein MIX1 from Leishmania","UNKNOWN FUNCTION"
"4CKN","4CKN","Structure of an N-terminal fragment of Leishmania SAS-6 containing parts of its coiled coil domain, F257E mutant","STRUCTURAL PROTEIN"
"4CKP","4CKP","Structure of an N-terminal fragment of Leishmania SAS-6 that contains part of its coiled coil domain","STRUCTURAL PROTEIN"
"1EZR","1EZR","CRYSTAL STRUCTURE OF NUCLEOSIDE HYDROLASE FROM LEISHMANIA MAJOR","HYDROLASE"
"2VPS","2VPS","Structure Of The Bifunctional Leishmania Major Trypanothione Synthetase-Amidase","LIGASE"
"2C21","2C21","Specificity of the Trypanothione-dependednt Leishmania major Glyoxalase I: Structure and biochemical comparison with the human enzyme","LYASE"
"1XN4","1XN4","PUTATIVE MAR1 RIBONUCLEASE FROM LEISHMANIA MAJOR","STRUCTURAL GENOMICS, UNKNOWN FUNCTION"
"5AJ8","5AJ8","Tubulin Binding Cofactor C from Leishmania major","STRUCTURAL PROTEIN"
"3KFL","3KFL","Leishmania major methionyl-tRNA synthetase in complex with methionyladenylate and pyrophosphate","LIGASE"
"5C7P","5C7P","Structure of Leishmania nucleoside diphostate kinase mutant P95S","TRANSFERASE"
"5CAB","5CAB","Structure of Leishmania nucleoside diphostate kinase mutant Del5-Cterm","TRANSFERASE"
"5CAA","5CAA","Structure of Leishmania nucleoside diphosphate kinase mutant P100S/del5-Cterm","TRANSFERASE"
"2J63","2J63","Crystal structure of AP endonuclease LMAP from Leishmania major","LYASE"
"1W0C","1W0C","Inhibition of Leishmania major pteridine reductase (PTR1) by 2,4,6-triaminoquinazoline; structure of the NADP ternary complex.","OXIDOREDUCTASE"
"5OEZ","5OEZ","Crystal structure of Leishmania major fructose-1,6-bisphosphatase in apo form.","HYDROLASE"
"1OKG","1OKG","3-mercaptopyruvate sulfurtransferase from Leishmania major","TRANSFERASE"
"4K1F","4K1F","Crystal structure of reduced tryparedoxin peroxidase from leishmania major at 2.34 A resolution","OXIDOREDUCTASE"
"6MSN","6MSN","Crystal structure of cytosolic fumarate hydratase from Leishmania major in a complex with inhibitor thiomalate","LYASE"
"2OEG","2OEG","Open and Closed Structures of the UDP-Glucose Pyrophosphorylase from Leishmania major","TRANSFERASE"
"2OEF","2OEF","Open and Closed Structures of the UDP-Glucose Pyrophosphorylase from Leishmania major","TRANSFERASE"
"3P0I","3P0I","Leishmania major Tyrosyl-tRNA synthetase in complex with tyrosinol, cubic crystal form","LIGASE"
"3UIB","3UIB","Map kinase LMAMPK10 from leishmania major in complex with SB203580","TRANSFERASE"
"4A26","4A26","The crystal structure of Leishmania major N5,N10- methylenetetrahydrofolate dehydrogenase/cyclohydrolase","OXIDOREDUCTASE"
"2VOB","2VOB","TRYPANOTHIONE SYNTHETASE","LIGASE"
"2VPM","2VPM","Trypanothione synthetase","LIGASE"
"4DY9","4DY9","Leishmania major Peroxidase is a Cytochrome c Peroxidase","ELECTRON TRANSPORT"
"3PG1","3PG1","MAP kinase LmaMPK10 from Leishmania major (1.95 angs resolution)","TRANSFERASE"
"5ZWS","5ZWS","Crystal structure of apo-acyl carrier protein from Leishmania major","LIPID BINDING PROTEIN"
"5ZWT","5ZWT","Crystal structure of the S37A mutant of apo-acyl carrier protein from Leishmania major","LIPID BINDING PROTEIN"
"5OFU","5OFU","Crystal structure of Leishmania major fructose-1,6-bisphosphatase in T-state.","TRANSFERASE"
"2X77","2X77","Crystal Structure of Leishmania major ADP ribosylation factor-like 1.","GTP-BINDING PROTEIN"
"3P0H","3P0H","Leishmania major Tyrosyl-tRNA synthetase in complex with fisetin, cubic crystal form","LIGASE"
"3P0J","3P0J","Leishmania major Tyrosyl-tRNA synthetase in complex with tyrosinol, triclinic crystal form 1","LIGASE"
"2BFO","2BFO","Leishmania major pteridine reductase 1 in complex with NADPH","OXIDOREDUCTASE"
"2BF7","2BF7","Leishmania major pteridine reductase 1 in complex with NADP and biopterin","OXIDOREDUCTASE"
"2BFA","2BFA","Leishmania major pteridine reductase 1 in complex with NADP and CB3717","OXIDOREDUCTASE"
"4UXH","4UXH","Leishmania major Thymidine Kinase in complex with AP5dT","TRANSFERASE"
"4UXI","4UXI","Leishmania major Thymidine Kinase in complex with thymidine","TRANSFERASE"
"2R8Q","2R8Q","Structure of LmjPDEB1 in complex with IBMX","HYDROLASE"
"6SWX","6SWX","Leishmania major methionyl-tRNA synthetase in complex with an allosteric inhibitor","TRANSLATION"
"4CGL","4CGL","Leishmania major N-myristoyltransferase in complex with an aminoacylpyrrolidine inhibitor","TRANSFERASE"
"4CGN","4CGN","Leishmania major N-myristoyltransferase in complex with a piperidinylindole inhibitor","TRANSFERASE"
"5A27","5A27","Leishmania major N-myristoyltransferase in complex with a chlorophenyl 1,2,4-oxadiazole inhibitor.","TRANSFERASE"
"5A28","5A28","Leishmania major N-myristoyltransferase in complex with a chlorophenyl 1,3,4-oxadiazole inhibitor.","TRANSFERASE"
"2HQJ","2HQJ","Cyclophilin from Leishmania major","ISOMERASE"
"5YS4","5YS4","Crystal structure of retroviral protease-like domain of Ddi1 from Leishmania major","HYDROLASE"
"5YQ8","5YQ8","Crystal structure of retroviral protease-like domain of Ddi1 from Leishmania major","HYDROLASE"
"6VMT","6VMT","Leishmania major Programmed Cell Death Protein 5 Homolog","DNA BINDING PROTEIN"
"2B4W","2B4W","Hypothetical protein from leishmania major","STRUCTURAL GENOMICS, UNKNOWN FUNCTION"
"4F40","4F40","X-ray crystal structure of Apo prostaglandin f synthase from Leishmania major Friedlin","OXIDOREDUCTASE"
"5ALA","5ALA","Structure of Leishmania major peroxidase D211R mutant (low res)","OXIDOREDUCTASE"
"5AMM","5AMM","Structure of Leishmania major peroxidase D211N mutant","OXIDOREDUCTASE"
"2BFM","2BFM","Leishmania major pteridine reductase 1 in complex with NADP and trimethoprim","OXIDOREDUCTASE"
"2BFP","2BFP","Leishmania major pteridine reductase 1 in complex with NADP and tetrahydrobiopterin","OXIDOREDUCTASE"
"5AL9","5AL9","Structure of Leishmania major peroxidase D211R mutant (high res)","OXIDOREDUCTASE"
"4UXJ","4UXJ","Leishmania major Thymidine Kinase in complex with dTTP","TRANSFERASE"
"4K10","4K10","Crystal Structure of Leshmaniasis major Farnesyl diphosphate synthase in complex with 3-FLUORO-1-(2-HYDROXY-2,2-DIPHOSPHONOETHYL)PYRIDINIUM and Mg2+","TRANSFERASE/TRANSFERASE INHIBITOR"
"7K46","7K46","Crystal Structure of a putative aspartate carbamoyltransferase Leishmania major Friedlin","TRANSFERASE"
"4CGM","4CGM","Leishmania major N-myristoyltransferase in complex with a biphenyl- derivative inhibitor","TRANSFERASE"
"4CGO","4CGO","Leishmania major N-myristoyltransferase in complex with a thienopyrimidine inhibitor","TRANSFERASE"
"4C7I","4C7I","Leismania major N-myristoyltransferase in complex with a peptidomimetic (-OH) molecule","TRANSFERASE"
"4CGP","4CGP","Leishmania major N-myristoyltransferase in complex with cofactor","TRANSFERASE"
"3Q5J","3Q5J","Crystal structure of the amino-terminal domain of HSP90 from Leishmania major, LMJF33.0312:M1-K213 in the presence of 17-DMAP-geldanamycin","CHAPERONE"
"3Q5K","3Q5K","Crystal structure of the amino-terminal domain of HSP90 from Leishmania major, LMJF33.0312:M1-K213 in the presence of an inhibitor","CHAPERONE"
"3HJC","3HJC","Crystal structure of the carboxy-terminal domain of HSP90 from Leishmania major, LmjF33.0312","CHAPERONE"
"2HFU","2HFU","Crystal structure of L. major mevalonate kinase in complex with R-mevalonate","TRANSFERASE"
"2HFS","2HFS","Crystal structure of L. major mevalonate kinase","TRANSFERASE"
"2A0U","2A0U","Crystal structure of the eukaryotic initiation factor 2B from Leishmania major at 2.1 A resolution","TRANSLATION"
"1Z2Q","1Z2Q","High-resolution solution structure of the LM5-1 FYVE domain from Leishmania major","MEMBRANE PROTEIN"
"5VIA","5VIA","Crystal structural of Leishmania major pseudoperoxidase","OXIDOREDUCTASE"
"2VXN","2VXN","E65Q-TIM complexed with phosphoglycolohydroxamate at 0.82 A resolution","ISOMERASE"
"6KXV","6KXV","Crystal structure of a nucleosome containing Leishmania histone H3","DNA BINDING PROTEIN/DNA"
"2QT8","2QT8","Coproporphyrinogen III oxidase from Leishmania major","OXIDOREDUCTASE"
"2M5R","2M5R","Solution structure of holo-acyl carrier protein of Leishmania major","LIPID BINDING PROTEIN"
"1VJU","1VJU","Coproporphyrinogen III oxidase from Leishmania major","OXIDOREDUCTASE"
"3KPA","3KPA","Ubiquitin fold modifier conjugating enzyme from Leishmania major (probable)","LIGASE"
"4QG5","4QG5","Crystal structure of phosphoglucomutase from Leishmania major at 3.5 angstrom resolution","ISOMERASE"
"3S4O","3S4O","Protein Tyrosine Phosphatase (putative) from Leishmania major","STRUCTURAL GENOMICS, UNKNOWN FUNCTION"
"3E3P","3E3P","Glycogen synthase kinase from Leishmania major","TRANSFERASE"
"3DWS","3DWS","Leishmania major Coproporphyrinogen III Oxidase with bound ligand","OXIDOREDUCTASE"
"3KSV","3KSV","Hypothetical protein from Leishmania major","UNKNOWN FUNCTION"
"3M3I","3M3I","Hypothetical protein from Leishmania major","UNKNOWN FUNCTION"
"1SVV","1SVV","Initial Stuctural Analysis of Leishmania major Threonine Aldolase","LYASE"
"6JHU","6JHU","Crystal Structure Of Biotin Protein Ligase From Leishmania Major in complex with Biotinyl-5-AMP","LIGASE"
"5IJM","5IJM","Crystal Structure of an Acyl-CoA Binding Protein (LmjF.17.0620) of Leishmania major","LIPID BINDING PROTEIN"
"4JZB","4JZB","Crystal Structure of Leshmaniasis major Farnesyl diphosphate synthase in complex with 1-(2-HYDROXY-2,2-DIPHOSPHONOETHYL)-3-PHENYLPYRIDINIUM, IPP and Ca2+","TRANSFERASE/TRANSFERASE INHIBITOR"
"4JZX","4JZX","Crystal Structure of Leshmaniasis major Farnesyl diphosphate synthase in complex with 3-BUTYL-1-(2,2-DIPHOSPHONOETHYL)PYRIDINIUM, IPP and Ca2+","TRANSFERASE/TRANSFERASE INHIBITOR"
"3H4V","3H4V","Selective screening and design to identify inhibitors of leishmania major pteridine reductase 1","OXIDOREDUCTASE"
"5OEY","5OEY","Crystal structure of Leishmania major fructose-1,6-bisphosphatase in holo form.","HYDROLASE"
"4C7H","4C7H","Leismania major N-myristoyltransferase in complex with a peptidomimetic (-NH2) molecule","TRANSFERASE"
"4F2N","4F2N","Crystal structure of iron superoxide dismutase from Leishmania major","OXIDOREDUCTASE"
"3Q5L","3Q5L","Crystal structure of the amino-terminal domain of HSP90 from Leishmania major, LMJF33.0312:M1-K 213 in the presence of 17-AEP-geldanamycin","CHAPERONE"
"3DWR","3DWR","Leishmania major coproporphyrinogen III oxidase with bound ligand","OXIDOREDUCTASE"
"4J18","4J18","Crystal structure of H191L mutant of UDP-glucose pyrophosphorylase from Leishmania major","TRANSFERASE"
"4M28","4M28","UDP-Glucose Pyrophosphorylase from Leishmania major in complex with UTP analog dUpCpp","TRANSFERASE"
"4M2A","4M2A","Crystal structure of the udp-glucose pyrophosphorylase from Leishmania major in the post-reactive state","TRANSFERASE"
"4M2B","4M2B","Crystal structure of L281D mutant of udp-glucose pyrophosphorylase from leishmania major in complex with udp-glc","TRANSFERASE"
"1YF9","1YF9","Structural analysis of Leishmania major ubiquitin conjugating enzyme E2","STRUCTURAL GENOMICS, UNKNOWN FUNCTION"
"1YQF","1YQF","Hypothetical protein from leishmania major unknown function sequence homologue to human p32 protein","STRUCTURAL GENOMICS, UNKNOWN FUNCTION"
"6EU5","6EU5","Leishmania major N-myristoyltransferase with bound myristoyl-CoA and inhibitor","TRANSFERASE"
"6EWF","6EWF","Leishmania major N-myristoyltransferase with bound myristoyl-CoA and inhibitor","TRANSFERASE"
"6OMK","6OMK","Crystal structure of a glycylpeptide N-tetradecanoyltransferase (N-myristoyl transferase, NMT) from Leishmania major Friedlin bound to tetradecanoyl-CoA","TRANSFERASE"
"6WW1","6WW1","Crystal structure of the LmFPPS mutant E97Y","TRANSFERASE"
"2QHX","2QHX","Structure of Pteridine Reductase from Leishmania major complexed with a ligand","OXIDOREDUCTASE"
"3NGU","3NGU","Structure of Leishmania NDKb complexed with ADP.","TRANSFERASE"
"3NGR","3NGR","Crystal structure of Leishmania nucleoside diphosphate kinase b with unordered nucleotide-binding loop.","TRANSFERASE"
"1TC5","1TC5","Structural Analysis of a probable eukaryotic D-amino acid tRNA deacylase","STRUCTURAL GENOMICS, UNKNOWN FUNCTION"
"6W7I","6W7I","LmFPPS mutant T164W in complex with 476A, IPP & Ca","TRANSFERASE"
"1E7W","1E7W","One active site, two modes of reduction correlate the mechanism of leishmania pteridine reductase with pterin metabolism and antifolate drug resistance in trpanosomes","OXIDOREDUCTASE"
"1E92","1E92","Pteridine reductase 1 from Leishmania major complexed with NADP+ and dihydrobiopterin","PTERIDINE REDUCTASE"
"6OD8","6OD8","Crystal structure of a putative aspartyl-tRNA synthetase from Leishmania major Friedlin","LIGASE"
"6VJC","6VJC","LmFPPS mutant T164Y in complex with 476A, IPP & Ca","TRANSFERASE"
"3NGS","3NGS","Structure of Leishmania nucleoside diphosphate kinase b with ordered nucleotide-binding loop","TRANSFERASE"
"6RXC","6RXC","Leishmania major pteridine reductase 1 (LmPTR1) in complex with inhibitor 4 (NMT-C0026)","OXIDOREDUCTASE"
"3H5Z","3H5Z","Crystal Structure of Leishmania major N-myristoyltransferase with bound myristoyl-CoA","TRANSFERASE"
"5AG4","5AG4","CRYSTAL STRUCTURE OF LEISHMANIA MAJOR N-MYRISTOYLTRANSFERASE (NMT) WITH BOUND MYRISTOYL-COA AND A THIAZOLIDINONE LIGAND","TRANSFERASE"
"5AG6","5AG6","CRYSTAL STRUCTURE OF LEISHMANIA MAJOR N-MYRISTOYLTRANSFERASE (NMT) WITH BOUND MYRISTOYL-COA AND A THIAZOLIDINONE LIGAND","TRANSFERASE"
"5AG5","5AG5","CRYSTAL STRUCTURE OF LEISHMANIA MAJOR N-MYRISTOYLTRANSFERASE (NMT) WITH BOUND MYRISTOYL-COA AND A THIAZOLIDINONE LIGAND","TRANSFERASE"
"5AG7","5AG7","CRYSTAL STRUCTURE OF LEISHMANIA MAJOR N-MYRISTOYLTRANSFERASE (NMT) WITH BOUND MYRISTOYL-COA AND A BENZOMORPHOLINE LIGAND","TRANSFERASE"
"5AGE","5AGE","CRYSTAL STRUCTURE OF LEISHMANIA MAJOR N-MYRISTOYLTRANSFERASE (NMT) WITH BOUND MYRISTOYL-COA AND A BENZOMORPHOLINONE LIGAND","TRANSFERASE"
"4UCM","4UCM","CRYSTAL STRUCTURE OF LEISHMANIA MAJOR N-MYRISTOYLTRANSFERASE (NMT) WITH BOUND MYRISTOYL-COA AND A FRAGMENT","TRANSFERASE"
"4UCN","4UCN","CRYSTAL STRUCTURE OF LEISHMANIA MAJOR N-MYRISTOYLTRANSFERASE (NMT) WITH BOUND MYRISTOYL-COA AND A FRAGMENT","TRANSFERASE"
"4UCP","4UCP","CRYSTAL STRUCTURE OF LEISHMANIA MAJOR N-MYRISTOYLTRANSFERASE (NMT) WITH BOUND MYRISTOYL-COA AND A FRAGMENT","TRANSFERASE"
"3B64","3B64","Macrophage Migration Inhibitory Factor (MIF) From /Leishmania Major","CYTOKINE"
"5NTH","5NTH","Structure of Leucyl aminopeptidase from Leishmania major in complex with actinonin","HYDROLASE"
"3NGT","3NGT","Structure of Leishmania NDKb complexed with AMP.","TRANSFERASE"
"2FE0","2FE0","NMR structure of SMP-1 (Small Myristoylated Protein) from Leishmania major","PROTEIN TRANSPORT, MEMBRANE PROTEIN"
"5XIL","5XIL","Crystal Structure of Leishmania major Prolyl-tRNA Synthetase (LmPRS)","LIGASE"
"2Y61","2Y61","Crystal structure of Leishmanial E65Q-TIM complexed with S-Glycidol phosphate","ISOMERASE"
"2Y62","2Y62","Crystal structure of Leishmanial E65Q-TIM complexed with R-Glycidol phosphate","ISOMERASE"
"5NZJ","5NZJ","Crystal structure of UDP-glucose pyrophosphorylase G45Y mutant from Leishmania major in complex with UDP-glucose","TRANSFERASE"
"5NZI","5NZI","Crystal structure of UDP-glucose pyrophosphorylase S374F mutant from Leishmania major in complex with UDP-glucose","TRANSFERASE"
"5NZL","5NZL","Crystal structure of UDP-glucose pyrophosphorylase from Leishmania major in complex with resveratrol","TRANSFERASE"
"5NZK","5NZK","Crystal structure of UDP-glucose pyrophosphorylase from Leishmania major in complex with phenylalanine","TRANSFERASE"
"5NZM","5NZM","Crystal structure of UDP-glucose pyrophosphorylase from Leishmania major in complex with murrayamine-I","TRANSFERASE"
"5NZH","5NZH","Crystal structure of UDP-glucose pyrophosphorylase V402W mutant from Leishmania major","TRANSFERASE"
"5NZG","5NZG","Crystal structure of UDP-glucose pyrophosphorylase S374W mutant from Leishmania major in complex with UDP-glucose","TRANSFERASE"
"2WSA","2WSA","Crystal Structure of Leishmania major N-myristoyltransferase (NMT) with bound myristoyl-CoA and a pyrazole sulphonamide ligand (DDD85646)","TRANSFERASE"
"4A33","4A33","CRYSTAL STRUCTURE OF LEISHMANIA MAJOR N-MYRISTOYLTRANSFERASE (NMT) WITH BOUND MYRISTOYL-COA AND A PYRAZOLE SULPHONAMIDE LIGAND","TRANSFERASE"
"6GNU","6GNU","Crystal Structure of Leishmania major N-Myristoyltransferase (NMT) With Bound Myristoyl-CoA and a Quionlinyl aryl sulphonamide ligand","TRANSFERASE"
"6GNS","6GNS","Crystal Structure of Leishmania major N-Myristoyltransferase (NMT) With Bound Myristoyl-CoA and an Azepanyl Phenyl Benzylsulphonamide Ligand","TRANSFERASE"
"6GNH","6GNH","Crystal Structure of Leishmania major N-Myristoyltransferase (NMT) With Bound Myristoyl-CoA and an Azepanyl Phenyl Benzylsulphonamide Ligand","TRANSFERASE"
"5L16","5L16","Crystal Structure of N-terminus truncated selenophosphate synthetase from Leishmania major","TRANSFERASE"
"5G21","5G21","Leishmania major N-myristoyltransferase in complex with a quinoline inhibitor (compound 26).","TRANSFERASE"
"5G20","5G20","Leishmania major N-myristoyltransferase in complex with a quinoline inhibitor (compound 19).","TRANSFERASE"
"4CKM","4CKM","Structure of the N-terminal domain of Leishmania SAS-6","STRUCTURAL PROTEIN"
"4NWR","4NWR","Computationally Designed Two-Component Self-Assembling Tetrahedral Cage T33-28","PROTEIN BINDING"
"6MSO","6MSO","Crystal structure of mitochondrial fumarate hydratase from Leishmania major in a complex with inhibitor thiomalate","LYASE/LYASE inhibitor"
"2J6P","2J6P","STRUCTURE OF AS-SB REDUCTASE FROM LEISHMANIA MAJOR","OXIDOREDUCTASE"
"3OH4","3OH4","Protein structure of USP from L. major bound to URIDINE-5'-DIPHOSPHATE Glucose","TRANSFERASE"
"3OGZ","3OGZ","Protein structure of USP from L. major in Apo-form","TRANSFERASE"
"3OH0","3OH0","Protein structure of USP from L. major bound to URIDINE-5'-TRIPHOSPHATE","TRANSFERASE"
"3OH1","3OH1","Protein structure of USP from L. major bound to URIDINE-5'-DIPHOSPHATE-Galacturonic acid","TRANSFERASE"
"3OH2","3OH2","Protein structure of USP from L. major bound to URIDINE-5'-DIPHOSPHATE-GALACTOSE","TRANSFERASE"
"3OH3","3OH3","Protein structure of USP from L. major bound to URIDINE-5'-DIPHOSPHATE -Arabinose","TRANSFERASE"
"4CQI","4CQI","Crystal structure of recombinant tubulin-binding cofactor A (TBCA) from Leishmania major","STRUCTURAL PROTEIN"
"2AR1","2AR1","Structure of Hypothetical protein from Leishmania major","STRUCTURAL GENOMICS, UNKNOWN FUNCTION"
"2XE4","2XE4","Structure of Oligopeptidase B from Leishmania major","HYDROLASE/INHIBITOR"
"5L2R","5L2R","Crystal structure of fumarate hydratase from Leishmania major","LYASE"
"5L42","5L42","Leishmania major Pteridine reductase 1 (PTR1) in complex with compound 3","OXIDOREDUCTASE"
"5L4N","5L4N","Leishmania major Pteridine reductase 1 (PTR1) in complex with compound 1","OXIDOREDUCTASE"
"3G1U","3G1U","Crystal structure of Leishmania major S-adenosylhomocysteine hydrolase","HYDROLASE"
"3TJX","3TJX","Crystal Structure of Leishmania major dihydroorotate dehydrogenase mutant H174A","OXIDOREDUCTASE"
"6DGS","6DGS","Crystal Structure of Leishmania major dihydroorotate dehydrogenase mutant Y142A","OXIDOREDUCTASE"
"6DWG","6DWG","Crystal structure of Leishmania major dihydroorotate dehydrogenase mutant Q139A","OXIDOREDUCTASE"
"6EBS","6EBS","Crystal structure of Leishmania major dihydroorotate dehydrogenase mutant H174A in complex with orotate","OXIDOREDUCTASE"
"1R75","1R75","Leishmania major hypothetical protein","STRUCTURAL GENOMICS, UNKNOWN FUNCTION"
"3MJY","3MJY","Crystal structure of dihydroorotate dehydrogenase from Leishmania major in complex with 5-Aminoorotic acid","OXIDOREDUCTASE"
"3GYE","3GYE","Didydroorotate dehydrogenase from Leishmania major","OXIDOREDUCTASE"
"4EF8","4EF8","Crystal structure of dihydroorotate dehydrogenase from Leishmania major in complex with Phenyl isothiocyanate","Oxidoreductase/Oxidoreductase inhibitor"
"4EF9","4EF9","Crystal structure of dihydroorotate dehydrogenase from Leishmania major in complex with 4-Nitrophenyl isothiocyanate","OXIDOREDUCTASE/OXIDOREDUCTASE INHIBITOR"
"3GZ3","3GZ3","Leishmania major Dihydroorotate Dehydrogenase in complex with orotate","OXIDOREDUCTASE"
"4A2Z","4A2Z","CRYSTAL STRUCTURE OF LEISHMANIA MAJOR N-MYRISTOYLTRANSFERASE (NMT) WITH BOUND MYRISTOYL-COA AND A PYRAZOLE SULPHONAMIDE LIGAND","TRANSFERASE"
"4A30","4A30","CRYSTAL STRUCTURE OF LEISHMANIA MAJOR N-MYRISTOYLTRANSFERASE (NMT) WITH BOUND MYRISTOYL-COA AND A PYRAZOLE SULPHONAMIDE LIGAND","TRANSFERASE"
"4A31","4A31","CRYSTAL STRUCTURE OF LEISHMANIA MAJOR N-MYRISTOYLTRANSFERASE (NMT) WITH BOUND MYRISTOYL-COA AND A PYRAZOLE SULPHONAMIDE LIGAND","TRANSFERASE"
"4A32","4A32","CRYSTAL STRUCTURE OF LEISHMANIA MAJOR N-MYRISTOYLTRANSFERASE (NMT) WITH BOUND MYRISTOYL-COA AND A PYRAZOLE SULPHONAMIDE LIGAND","TRANSFERASE"
"6GNV","6GNV","Crystal Structure of Leishmania major N-Myristoyltransferase (NMT) With Bound Myristoyl-CoA and a isopropyl methyl indole aryl sulphonamide ligand","TRANSFERASE"
"6GNT","6GNT","Crystal Structure of Leishmania major N-Myristoyltransferase (NMT) With Bound Myristoyl-CoA and a Quionlinyl aryl sulphonamide ligand","TRANSFERASE"
